task_id,people,timestamp,ground_id,location
59,9,2022-07-30 10:26:00,7,YYZ
74,9,2022-07-30 15:05:00,12,YYZ
530,3,2022-07-30 15:05:00,12,YYZ
643,5,2022-07-30 15:05:00,12,YYZ
1043,3,2022-07-30 15:05:00,12,YYZ
1447,1,2022-07-30 15:05:00,12,YYZ
338,3,2022-07-30 10:20:00,15,YYZ
84,9,2022-07-30 15:31:00,17,YYZ
507,4,2022-07-30 15:54:00,17,YYZ
552,4,2022-07-30 15:54:00,17,YYZ
602,5,2022-07-30 15:58:20,17,YYZ
1269,1,2022-07-30 15:45:00,17,YYZ
1270,10,2022-07-30 16:00:00,17,YYZ
105,11,2022-07-30 16:36:00,19,YUL
22,15,2022-07-30 17:23:00,20,YYZ
138,7,2022-07-30 17:18:00,21,YYZ
873,12,2022-07-30 17:18:00,21,YYZ
1342,1,2022-07-30 17:18:00,21,YYZ
350,3,2022-07-30 10:23:00,23,YUL
1278,1,2022-07-30 15:33:00,26,YYC
474,3,2022-07-30 11:52:00,32,YUL
785,3,2022-07-30 11:52:00,32,YUL
1448,1,2022-07-30 12:06:00,32,YUL
49,3,2022-07-30 00:07:00,34,YUL
197,6,2022-07-30 15:05:00,35,YVR
824,7,2022-07-30 15:55:00,35,YVR
559,2,2022-07-30 08:53:00,39,YUL
2,8,2022-07-30 17:09:00,42,YUL
35,2,2022-07-30 17:09:00,42,YUL
40,2,2022-07-30 17:09:00,42,YUL
816,2,2022-07-30 22:09:00,42,YUL
919,2,2022-07-30 22:09:00,42,YUL
428,5,2022-07-30 11:00:00,44,YUL
742,3,2022-07-30 11:00:00,44,YUL
882,2,2022-07-30 16:50:00,45,YYC
496,12,2022-07-30 11:00:00,51,YYZ
1305,1,2022-07-30 11:00:00,51,YYZ
1307,1,2022-07-30 11:00:00,51,YYZ
1366,1,2022-07-30 11:09:00,51,YYZ
1369,1,2022-07-30 11:09:00,51,YYZ
1405,1,2022-07-30 11:18:00,51,YYZ
1410,1,2022-07-30 11:19:20,51,YYZ
1445,1,2022-07-30 11:19:20,51,YYZ
888,3,2022-07-30 17:08:43.636364,56,YUL
25,5,2022-07-30 00:42:00,59,YYZ
205,2,2022-07-30 00:42:00,59,YYZ
1330,1,2022-07-30 17:08:43.636364,61,YUL
433,4,2022-07-30 11:23:00,63,YUL
849,2,2022-07-30 11:36:00,63,YUL
867,5,2022-07-30 11:40:00,63,YUL
889,1,2022-07-30 16:09:00,67,YYC
1352,1,2022-07-30 09:03:00,70,YUL
31,13,2022-07-30 11:10:00,71,YYZ
270,6,2022-07-30 11:19:20,71,YYZ
406,5,2022-07-30 11:20:00,71,YYZ
217,8,2022-07-30 17:10:00,75,YYZ
758,4,2022-07-30 17:10:00,75,YYZ
1220,8,2022-07-30 17:10:00,75,YYZ
791,12,2022-07-30 17:10:00,75,YYZ
500,5,2022-07-30 02:42:00,78,YYZ
231,5,2022-07-30 16:21:00,82,YUL
502,8,2022-07-30 16:21:00,82,YUL
44,11,2022-07-30 16:03:00,84,YYZ
845,2,2022-07-30 16:22:20,84,YYZ
861,2,2022-07-30 16:22:20,84,YYZ
881,2,2022-07-30 16:22:20,84,YYZ
927,2,2022-07-30 16:24:00,84,YYZ
966,2,2022-07-30 16:24:00,84,YYZ
984,2,2022-07-30 16:24:00,84,YYZ
985,2,2022-07-30 16:24:00,84,YYZ
1007,2,2022-07-30 16:24:20,84,YYZ
1016,2,2022-07-30 16:24:20,84,YYZ
1023,2,2022-07-30 16:24:20,84,YYZ
1024,2,2022-07-30 16:24:20,84,YYZ
1029,11,2022-07-30 16:54:00,84,YYZ
1042,11,2022-07-30 16:54:20,84,YYZ
1292,3,2022-07-30 17:28:43.636364,94,YUL
527,2,2022-07-30 09:20:00,97,YUL
1242,1,2022-07-30 09:53:00,97,YUL
263,6,2022-07-30 15:14:00,101,YYZ
51,9,2022-07-30 09:20:00,106,YYZ
772,2,2022-07-30 09:20:00,106,YYZ
908,3,2022-07-30 16:15:00,107,YUL
922,2,2022-07-31 16:50:00,110,YYC
58,11,2022-07-31 10:45:00,112,YYZ
646,5,2022-07-31 11:00:00,112,YYZ
965,2,2022-07-31 10:03:00,116,YUL
315,5,2022-07-31 16:36:00,117,YUL
842,4,2022-07-31 17:06:00,117,YUL
200,7,2022-07-31 17:55:00,121,YYZ
265,1,2022-07-31 17:09:00,122,YUL
152,1,2022-07-31 17:09:00,122,YUL
337,1,2022-07-31 17:55:00,122,YUL
570,3,2022-07-31 10:55:00,125,YUL
1006,3,2022-07-31 11:23:00,125,YUL
850,2,2022-07-31 13:03:00,127,YUL
944,2,2022-07-31 13:03:00,127,YUL
957,2,2022-07-31 13:03:00,127,YUL
968,2,2022-07-31 13:04:00,127,YUL
166,7,2022-07-31 15:10:00,128,YYZ
1065,3,2022-07-31 15:10:00,128,YYZ
103,8,2022-07-31 17:10:00,130,YYZ
1182,2,2022-07-31 17:10:00,130,YYZ
1217,2,2022-07-31 17:10:00,130,YYZ
372,4,2022-07-31 17:10:00,130,YYZ
699,3,2022-07-31 17:10:00,130,YYZ
1197,5,2022-07-31 17:10:00,130,YYZ
110,4,2022-07-31 01:30:00,134,YYZ
1160,1,2022-07-31 01:30:00,134,YYZ
1192,1,2022-07-31 01:30:00,134,YYZ
126,8,2022-07-31 16:21:00,138,YUL
186,6,2022-07-31 16:03:00,139,YYZ
451,4,2022-07-31 16:03:00,139,YYZ
1047,2,2022-07-31 16:20:51.428571,139,YYZ
1108,2,2022-07-31 16:22:51.428571,139,YYZ
174,7,2022-07-31 15:14:00,148,YYZ
1236,4,2022-07-31 15:14:00,148,YYZ
603,1,2022-07-31 08:03:00,154,YUL
682,1,2022-07-31 08:03:00,154,YUL
691,1,2022-07-31 08:03:00,154,YUL
137,8,2022-07-31 11:10:00,156,YYZ
175,10,2022-07-31 11:28:38.181818,156,YYZ
140,8,2022-07-31 15:50:00,157,YUL
933,1,2022-07-31 10:23:00,159,YUL
975,3,2022-07-31 11:00:00,159,YUL
1025,3,2022-07-31 11:00:00,159,YUL
266,6,2022-07-31 11:52:00,168,YUL
788,3,2022-07-31 12:08:00,168,YUL
964,2,2022-07-31 12:08:00,168,YUL
151,2,2022-07-31 00:07:00,170,YUL
688,1,2022-07-31 00:07:00,170,YUL
1058,1,2022-07-31 02:07:00,170,YUL
617,3,2022-07-31 15:05:00,171,YVR
398,4,2022-07-31 15:05:00,171,YVR
1145,5,2022-07-31 15:50:00,171,YVR
780,3,2022-07-31 17:15:00,177,YUL
178,7,2022-07-31 17:24:00,177,YUL
831,2,2022-07-31 12:34:00,178,YUL
866,2,2022-07-31 12:34:00,178,YUL
783,7,2022-07-31 10:26:00,182,YYZ
165,6,2022-07-31 15:05:00,187,YYZ
1005,2,2022-07-31 09:32:00,188,YYZ
1002,1,2022-07-31 10:16:00,189,YYZ
1052,3,2022-07-31 10:16:00,189,YYZ
179,6,2022-07-31 15:31:00,191,YYZ
283,9,2022-07-31 15:55:00,191,YYZ
565,4,2022-07-31 15:52:51.428571,191,YYZ
728,5,2022-07-31 15:56:51.428571,191,YYZ
977,19,2022-07-31 16:21:40,191,YYZ
191,7,2022-07-31 17:23:00,192,YYZ
757,8,2022-07-31 17:23:00,192,YYZ
1161,1,2022-07-31 09:20:00,200,YYZ
1246,1,2022-07-31 09:20:00,200,YYZ
1199,3,2022-07-31 16:35:00,201,YUL
1215,2,2022-07-31 16:55:00,204,YUL
223,5,2022-07-31 11:20:00,206,YUL
909,1,2022-07-31 16:09:00,210,YYC
528,3,2022-07-31 02:30:00,212,YYZ
540,6,2022-07-31 16:00:00,218,YUL
269,5,2022-08-01 15:10:00,219,YVR
1018,2,2022-08-01 15:10:00,219,YVR
992,1,2022-08-01 08:58:00,223,YUL
1073,1,2022-08-01 08:58:00,223,YUL
606,3,2022-08-01 11:06:00,225,YUL
279,3,2022-08-01 17:06:00,228,YUL
313,3,2022-08-01 17:06:00,228,YUL
344,2,2022-08-01 17:06:00,228,YUL
396,2,2022-08-01 17:06:00,228,YUL
701,4,2022-08-01 18:26:00,228,YUL
300,6,2022-08-01 16:22:00,234,YUL
1078,3,2022-08-01 10:06:00,243,YUL
358,4,2022-08-01 16:46:00,244,YUL
1107,3,2022-08-01 16:46:00,244,YUL
401,2,2022-08-01 16:04:00,247,YYZ
676,2,2022-08-01 16:04:00,247,YYZ
414,1,2022-08-01 17:14:00,248,YUL
585,3,2022-08-01 10:55:00,251,YUL
948,2,2022-08-01 16:56:00,253,YYC
982,1,2022-08-01 08:40:00,254,YUL
1046,3,2022-08-01 10:26:00,255,YUL
1097,3,2022-08-01 11:00:00,255,YUL
1120,3,2022-08-01 11:00:00,255,YUL
439,1,2022-08-01 13:56:00,265,YYZ
1100,1,2022-08-01 00:07:00,266,YUL
1124,1,2022-08-01 17:26:00,282,YYC
1181,1,2022-08-01 18:26:00,283,YUL
1184,2,2022-08-01 16:04:00,288,YUL
1252,1,2022-08-01 00:42:00,289,YYZ
23978,1,2022-08-02 10:51:00,415,YYZ
23953,1,2022-08-03 17:16:00,501,YYC
8918,1,2022-08-03 10:20:00,510,YYZ
23937,8,2022-08-03 15:40:00,512,YYZ
23940,7,2022-08-03 15:05:00,513,YYZ
23284,10,2022-08-03 17:23:00,517,YYZ
23919,8,2022-08-03 10:26:00,526,YYZ
9469,2,2022-08-04 11:13:00,561,YYZ
23951,2,2022-08-04 11:06:00,562,YUL
13245,3,2022-08-04 15:10:00,563,YVR
13373,3,2022-08-04 15:10:00,563,YVR
12698,2,2022-08-04 15:10:00,563,YVR
9427,5,2022-08-04 15:50:00,563,YVR
15104,4,2022-08-04 16:22:00,576,YUL
15102,3,2022-08-04 10:20:00,583,YYZ
15100,4,2022-08-04 15:40:00,585,YYZ
15099,3,2022-08-04 16:42:00,588,YUL
15098,4,2022-08-04 17:23:00,589,YYZ
15097,3,2022-08-04 10:26:00,598,YYZ
15096,3,2022-08-04 15:05:00,603,YYZ
14990,4,2022-08-04 10:51:00,607,YYZ
9091,3,2022-08-04 10:06:00,615,YUL
16035,5,2022-08-04 16:46:00,616,YUL
14747,3,2022-08-04 16:46:00,616,YUL
8815,2,2022-08-04 16:59:30,616,YUL
14922,2,2022-08-04 17:05:00,618,YYC
15101,3,2022-08-04 16:04:00,619,YYZ
11464,2,2022-08-04 16:04:00,619,YYZ
17346,2,2022-08-04 17:14:00,620,YUL
15103,1,2022-08-04 17:14:00,620,YUL
23964,16,2022-08-04 17:22:00,623,YYZ
23938,3,2022-08-04 10:26:00,624,YUL
23921,1,2022-08-04 15:36:00,627,YYC
17910,3,2022-08-04 00:15:00,635,YUL
23963,4,2022-08-04 11:00:00,636,YUL
23925,1,2022-08-04 16:56:00,637,YYC
3256,1,2022-08-05 16:13:00,700,YYC
9077,1,2022-08-05 01:43:00,702,YYZ
8840,2,2022-08-05 10:22:00,704,YUL
19979,2,2022-08-05 17:21:00,710,YUL
20562,2,2022-08-05 17:21:00,710,YUL
11772,2,2022-08-05 15:10:00,728,YVR
12939,2,2022-08-05 10:20:00,729,YYZ
20011,10,2022-08-05 15:58:20,731,YYZ
20240,8,2022-08-05 17:23:00,732,YYZ
20127,7,2022-08-05 17:23:00,732,YYZ
20019,4,2022-08-05 17:23:00,732,YYZ
20172,4,2022-08-05 17:23:00,732,YYZ
20180,7,2022-08-05 17:23:00,732,YYZ
20328,2,2022-08-05 16:55:00,735,YYC
18313,10,2022-08-05 10:26:00,741,YYZ
19600,12,2022-08-05 15:05:00,745,YYZ
19741,9,2022-08-05 15:05:00,745,YYZ
20617,4,2022-08-05 15:05:00,745,YYZ
20293,20,2022-08-05 16:01:00,745,YYZ
20166,1,2022-08-05 15:05:00,745,YYZ
19637,1,2022-08-05 15:29:00,745,YYZ
19500,1,2022-08-05 15:47:00,745,YYZ
15297,4,2022-08-06 16:46:00,845,YUL
17373,2,2022-08-06 17:14:00,849,YUL
1610,1,2022-08-06 10:55:00,852,YUL
8804,2,2022-08-06 16:56:00,853,YYC
9390,2,2022-08-07 10:51:00,925,YYZ
9309,3,2022-08-07 10:06:00,932,YUL
17925,10,2022-08-07 16:46:00,933,YUL
20047,1,2022-08-07 15:36:00,937,YYC
14892,3,2022-08-07 10:26:00,944,YUL
18314,2,2022-08-07 17:14:00,949,YUL
13268,3,2022-08-07 11:00:00,952,YUL
8929,2,2022-08-07 11:00:00,952,YUL
9306,2,2022-08-07 11:00:00,952,YUL
8744,2,2022-08-07 16:56:00,953,YYC
14881,4,2022-08-08 16:46:00,995,YUL
18985,8,2022-08-08 13:56:00,1005,YYZ
9489,3,2022-08-08 02:45:00,1006,YUL
15236,5,2022-08-08 10:51:00,1008,YYZ
14829,3,2022-08-08 10:26:00,1014,YUL
11849,2,2022-08-08 17:16:00,1017,YYC
9072,3,2022-08-08 10:06:00,1022,YUL
15280,4,2022-08-08 11:13:00,1023,YYZ
15318,4,2022-08-08 11:13:00,1023,YYZ
11767,2,2022-08-08 11:13:00,1023,YYZ
11768,2,2022-08-08 11:13:00,1023,YYZ
11769,2,2022-08-08 11:13:00,1023,YYZ
11876,2,2022-08-08 11:13:00,1023,YYZ
11913,2,2022-08-08 11:13:00,1023,YYZ
17981,3,2022-08-08 00:05:00,1032,YUL
18303,7,2022-08-08 01:43:00,1034,YYZ
18293,12,2022-08-08 17:21:00,1042,YUL
14751,3,2022-08-08 16:22:00,1056,YUL
12999,3,2022-08-08 16:22:00,1056,YUL
13000,3,2022-08-08 16:22:00,1056,YUL
13074,3,2022-08-08 16:22:00,1056,YUL
8757,3,2022-08-08 16:22:00,1056,YUL
15986,5,2022-08-08 15:10:00,1059,YVR
12707,2,2022-08-08 15:10:00,1059,YVR
18922,4,2022-08-09 17:14:00,1081,YUL
18927,4,2022-08-09 17:14:00,1081,YUL
19127,12,2022-08-09 13:56:00,1102,YYZ
9347,1,2022-08-09 01:43:00,1120,YYZ
9128,2,2022-08-09 10:22:00,1122,YUL
9065,2,2022-08-09 17:27:00,1128,YUL
8933,2,2022-08-09 16:22:00,1134,YUL
9085,2,2022-08-09 16:22:00,1134,YUL
8769,2,2022-08-09 10:26:00,1137,YUL
20244,1,2022-08-09 15:36:00,1139,YYC
8633,2,2022-08-09 15:10:00,1147,YVR
18438,5,2022-08-09 00:46:00,1150,YYZ
4535,1,2022-08-09 00:46:00,1150,YYZ
12965,3,2022-08-09 16:47:00,1152,YUL
13286,3,2022-08-09 16:47:00,1152,YUL
8406,1,2022-08-09 16:47:00,1152,YUL
2858,1,2022-08-09 16:47:00,1152,YUL
2958,2,2022-08-09 16:47:00,1152,YUL
3233,2,2022-08-09 16:52:00,1152,YUL
3497,2,2022-08-09 16:52:00,1152,YUL
4000,3,2022-08-09 17:02:00,1152,YUL
4207,4,2022-08-09 17:27:00,1152,YUL
1502,1,2022-08-09 16:47:00,1152,YUL
17971,3,2022-08-09 00:05:00,1157,YUL
18924,6,2022-08-10 13:56:00,1208,YYZ
19635,11,2022-08-10 10:26:00,1226,YYZ
18920,19,2022-08-10 15:05:00,1231,YYZ
20650,6,2022-08-10 17:21:00,1245,YUL
8674,1,2022-08-10 17:16:00,1251,YYC
12901,3,2022-08-10 16:47:00,1253,YUL
17347,2,2022-08-10 00:05:00,1258,YUL
9074,1,2022-08-11 00:05:00,1325,YUL
9017,1,2022-08-11 01:43:00,1328,YYZ
8667,2,2022-08-11 10:22:00,1330,YUL
20284,3,2022-08-11 17:21:00,1336,YUL
19585,2,2022-08-11 17:21:00,1336,YUL
11937,2,2022-08-11 16:42:00,1341,YUL
20451,2,2022-08-11 16:42:00,1341,YUL
18928,23,2022-08-11 17:23:00,1342,YYZ
13348,3,2022-08-11 10:26:00,1351,YYZ
17989,14,2022-08-11 15:05:00,1356,YYZ
17907,8,2022-08-11 10:20:00,1358,YYZ
1603,1,2022-08-11 10:20:00,1358,YYZ
18926,25,2022-08-11 15:40:00,1360,YYZ
20275,1,2022-08-12 10:51:00,1454,YYZ
9268,2,2022-08-13 15:40:00,1547,YYZ
14744,3,2022-08-13 17:23:00,1550,YYZ
13041,3,2022-08-13 17:23:00,1550,YYZ
13291,3,2022-08-13 17:23:00,1550,YYZ
13292,3,2022-08-13 17:23:00,1550,YYZ
11832,2,2022-08-13 17:23:00,1550,YYZ
11914,2,2022-08-13 17:23:00,1550,YYZ
12011,2,2022-08-13 17:23:00,1550,YYZ
16118,5,2022-08-13 10:26:00,1558,YYZ
15301,4,2022-08-13 10:26:00,1558,YYZ
15302,8,2022-08-13 11:00:00,1558,YYZ
15338,8,2022-08-13 11:00:00,1558,YYZ
12708,2,2022-08-13 10:26:00,1558,YYZ
9486,6,2022-08-13 11:14:00,1558,YYZ
19489,10,2022-08-13 15:05:00,1563,YYZ
15331,1,2022-08-14 17:14:00,1660,YUL
20407,1,2022-08-14 10:55:00,1663,YUL
20547,2,2022-08-14 16:56:00,1664,YYC
19641,3,2022-08-15 10:51:00,1765,YYZ
20068,6,2022-08-15 15:05:00,1770,YYZ
20756,4,2022-08-15 15:05:00,1770,YYZ
20637,3,2022-08-15 15:05:00,1770,YYZ
19548,3,2022-08-15 15:05:00,1770,YYZ
19892,3,2022-08-15 15:05:00,1770,YYZ
20394,1,2022-08-15 15:05:00,1770,YYZ
19123,12,2022-08-16 13:56:00,1805,YYZ
9070,2,2022-08-16 15:05:00,1863,YYZ
13153,2,2022-08-16 10:20:00,1866,YYZ
13154,2,2022-08-16 10:20:00,1866,YYZ
8388,1,2022-08-16 10:20:00,1866,YYZ
2729,1,2022-08-16 10:20:00,1866,YYZ
2790,1,2022-08-16 10:20:00,1866,YYZ
3022,1,2022-08-16 10:20:00,1866,YYZ
3357,1,2022-08-16 10:20:00,1866,YYZ
3368,1,2022-08-16 10:20:00,1866,YYZ
3765,1,2022-08-16 10:20:00,1866,YYZ
3898,1,2022-08-16 10:50:00,1866,YYZ
1500,1,2022-08-16 10:50:00,1866,YYZ
20094,13,2022-08-16 15:40:00,1868,YYZ
19776,16,2022-08-16 17:23:00,1869,YYZ
15196,4,2022-08-17 16:46:00,1955,YUL
17926,5,2022-08-17 16:04:00,1959,YYZ
1600,1,2022-08-17 16:04:00,1959,YYZ
19108,8,2022-08-17 17:14:00,1960,YUL
17336,2,2022-08-17 17:14:00,1960,YUL
16916,1,2022-08-17 17:14:00,1960,YUL
13077,1,2022-08-17 17:31:00,1960,YUL
13384,1,2022-08-17 20:14:00,1960,YUL
2700,1,2022-08-17 20:14:00,1960,YUL
3021,1,2022-08-17 20:44:00,1960,YUL
3926,1,2022-08-17 21:14:00,1960,YUL
4060,1,2022-08-17 21:38:00,1960,YUL
4444,1,2022-08-17 21:38:00,1960,YUL
4642,1,2022-08-17 21:38:00,1960,YUL
8397,1,2022-08-17 16:56:00,1964,YYC
2682,1,2022-08-17 16:56:00,1964,YYC
1523,1,2022-08-17 17:26:00,1964,YYC
12937,3,2022-08-17 10:55:00,1966,YUL
19125,8,2022-08-18 17:14:00,2002,YUL
18890,10,2022-08-18 15:23:00,2026,YUL
4577,1,2022-08-18 10:22:00,2049,YUL
4629,1,2022-08-18 10:22:00,2049,YUL
4238,1,2022-08-18 15:07:00,2051,YUL
2819,1,2022-08-18 00:05:00,2052,YUL
2974,1,2022-08-18 00:05:00,2052,YUL
8988,2,2022-08-18 15:10:00,2058,YVR
9479,2,2022-08-18 15:10:00,2058,YVR
8403,1,2022-08-18 15:10:00,2058,YVR
2960,1,2022-08-18 15:10:00,2058,YVR
3078,1,2022-08-18 15:10:00,2058,YVR
3142,2,2022-08-18 15:40:00,2058,YVR
3229,2,2022-08-18 15:40:00,2058,YVR
4088,2,2022-08-18 15:40:00,2058,YVR
4356,4,2022-08-18 15:55:00,2058,YVR
4361,7,2022-08-18 16:00:00,2058,YVR
1511,1,2022-08-18 15:55:00,2058,YVR
13159,3,2022-08-18 16:22:00,2064,YUL
13115,1,2022-08-18 16:10:00,2065,YYC
13332,1,2022-08-18 16:10:00,2065,YYC
11813,2,2022-08-19 17:21:00,2132,YUL
9200,2,2022-08-19 17:23:00,2132,YUL
15229,2,2022-08-19 15:23:00,2138,YUL
11870,1,2022-08-19 15:23:00,2138,YUL
12028,1,2022-08-19 15:23:00,2138,YUL
15219,5,2022-08-19 17:16:00,2139,YYZ
19481,2,2022-08-19 10:26:00,2144,YUL
19615,3,2022-08-19 11:00:00,2144,YUL
4121,1,2022-08-19 15:36:00,2146,YYC
15191,4,2022-08-19 15:10:00,2157,YVR
11843,2,2022-08-19 15:10:00,2157,YVR
13388,3,2022-08-19 16:04:00,2159,YUL
14743,3,2022-08-19 16:47:00,2161,YUL
12894,3,2022-08-19 16:47:00,2161,YUL
13189,3,2022-08-19 16:47:00,2161,YUL
12705,3,2022-08-19 16:47:00,2161,YUL
8851,2,2022-08-19 16:53:00,2161,YUL
16170,2,2022-08-19 00:05:00,2166,YUL
15190,1,2022-08-19 00:05:00,2166,YUL
12888,2,2022-08-19 02:05:00,2166,YUL
19119,8,2022-08-20 17:14:00,2173,YUL
3961,1,2022-08-20 10:26:00,2237,YYZ
3937,1,2022-08-20 15:05:00,2242,YYZ
13253,3,2022-08-20 10:22:00,2249,YUL
9028,7,2022-08-20 11:00:00,2249,YUL
12934,4,2022-08-20 17:32:00,2254,YUL
17782,8,2022-08-20 15:47:00,2257,YYZ
15974,5,2022-08-20 15:47:00,2257,YYZ
18891,7,2022-08-20 00:46:00,2262,YYZ
3799,5,2022-08-20 03:03:08.571429,2262,YYZ
17265,8,2022-08-20 16:47:00,2264,YUL
18290,3,2022-08-20 00:05:00,2270,YUL
3510,1,2022-08-21 17:23:00,2352,YYZ
3658,1,2022-08-21 17:23:00,2352,YYZ
3798,1,2022-08-21 17:23:00,2352,YYZ
3923,1,2022-08-21 17:23:00,2352,YYZ
4510,1,2022-08-21 17:23:00,2352,YYZ
2736,1,2022-08-21 16:55:00,2355,YYC
2827,1,2022-08-21 16:55:00,2355,YYC
3145,1,2022-08-21 17:25:00,2355,YYC
3240,1,2022-08-21 17:25:00,2355,YYC
16114,5,2022-08-21 10:26:00,2359,YYZ
17394,7,2022-08-21 15:05:00,2364,YYZ
19773,5,2022-08-21 09:25:00,2366,YYZ
20554,1,2022-08-21 09:25:00,2366,YYZ
19905,1,2022-08-21 09:25:00,2366,YYZ
2761,1,2022-08-22 00:15:00,2457,YUL
2893,1,2022-08-22 00:15:00,2457,YUL
3190,1,2022-08-22 00:15:00,2457,YUL
3459,1,2022-08-22 00:45:00,2457,YUL
3588,1,2022-08-22 00:45:00,2457,YUL
3672,1,2022-08-22 00:45:00,2457,YUL
3730,1,2022-08-22 01:15:00,2457,YUL
4007,1,2022-08-22 01:15:00,2457,YUL
4163,1,2022-08-22 01:15:00,2457,YUL
2671,1,2022-08-22 10:51:00,2459,YYZ
2734,1,2022-08-22 10:51:00,2459,YYZ
2810,1,2022-08-22 10:51:00,2459,YYZ
3083,1,2022-08-22 10:51:00,2459,YYZ
3112,1,2022-08-22 10:51:00,2459,YYZ
3369,1,2022-08-22 10:51:00,2459,YYZ
3503,1,2022-08-22 10:51:00,2459,YYZ
4085,1,2022-08-22 10:51:00,2459,YYZ
4634,1,2022-08-22 10:51:00,2459,YYZ
1612,1,2022-08-23 10:26:00,2550,YYZ
4084,1,2022-08-23 15:05:00,2555,YYZ
4492,1,2022-08-23 15:05:00,2555,YYZ
19506,3,2022-08-23 10:20:00,2559,YYZ
20645,1,2022-08-23 10:20:00,2559,YYZ
20614,5,2022-08-23 15:40:00,2561,YYZ
20413,11,2022-08-23 17:23:00,2562,YYZ
9443,1,2022-08-24 16:13:00,2634,YYC
4077,1,2022-08-24 16:13:00,2634,YYC
12784,3,2022-08-24 11:25:00,2638,YUL
12783,1,2022-08-24 00:05:00,2641,YUL
12757,3,2022-08-24 10:26:00,2646,YYZ
19395,4,2022-08-24 15:05:00,2651,YYZ
12756,3,2022-08-24 10:55:00,2654,YUL
1611,1,2022-08-24 11:00:00,2654,YUL
8963,2,2022-08-24 16:56:00,2656,YYC
2835,2,2022-08-24 17:26:00,2656,YYC
16198,4,2022-08-24 10:20:00,2658,YYZ
3516,1,2022-08-24 10:20:00,2658,YYZ
4729,1,2022-08-24 10:20:00,2658,YYZ
19356,10,2022-08-24 15:40:00,2660,YYZ
17965,11,2022-08-24 17:23:00,2663,YYZ
12776,3,2022-08-24 17:23:00,2663,YYZ
1608,1,2022-08-25 15:10:00,2740,YVR
9135,1,2022-08-25 00:15:00,2746,YUL
19105,8,2022-08-25 17:14:00,2748,YUL
4382,1,2022-08-25 17:26:00,2748,YUL
13062,3,2022-08-25 10:55:00,2751,YUL
13101,3,2022-08-25 11:00:00,2751,YUL
8386,2,2022-08-25 11:00:00,2751,YUL
2760,1,2022-08-25 11:00:00,2751,YUL
3155,1,2022-08-25 11:00:00,2751,YUL
3578,1,2022-08-25 11:00:00,2751,YUL
3587,2,2022-08-25 11:22:30,2751,YUL
3589,3,2022-08-25 11:30:00,2751,YUL
3729,5,2022-08-25 11:37:30,2751,YUL
1530,1,2022-08-25 11:35:00,2751,YUL
9134,2,2022-08-25 16:56:00,2753,YYC
13043,3,2022-08-25 10:51:00,2759,YYZ
13216,3,2022-08-25 10:51:00,2759,YYZ
16073,5,2022-08-25 16:46:00,2767,YUL
13248,3,2022-08-25 16:46:00,2767,YUL
12695,4,2022-08-25 16:46:00,2767,YUL
9133,3,2022-08-25 16:46:00,2767,YUL
3241,1,2022-08-26 15:40:00,2864,YYZ
9040,1,2022-08-26 16:55:00,2867,YYC
9492,1,2022-08-26 16:55:00,2867,YYC
15253,4,2022-08-26 17:23:00,2869,YYZ
4746,1,2022-08-26 17:23:00,2869,YYZ
4491,1,2022-08-27 00:15:00,2965,YUL
11944,2,2022-08-27 16:56:00,2967,YYC
20444,8,2022-08-28 15:05:00,3056,YUL
13342,3,2022-08-28 10:26:00,3058,YUL
3914,1,2022-08-28 15:36:00,3060,YYC
8926,1,2022-08-28 08:40:00,3067,YUL
9201,1,2022-08-28 08:40:00,3067,YUL
19418,6,2022-08-28 10:51:00,3068,YYZ
19906,5,2022-08-28 10:51:00,3068,YYZ
20567,6,2022-08-28 11:00:00,3068,YYZ
19843,2,2022-08-28 00:15:00,3070,YUL
19695,1,2022-08-28 00:15:00,3070,YUL
18812,6,2022-08-29 00:46:00,3129,YYZ
20305,2,2022-08-30 17:14:00,3223,YUL
18892,7,2022-08-30 00:46:00,3228,YYZ
20674,2,2022-08-30 10:22:00,3242,YUL
4193,1,2022-08-30 16:35:00,3250,YUL
4276,1,2022-08-30 16:35:00,3250,YUL
19110,9,2022-08-30 16:05:00,3251,YUL
13241,1,2022-08-30 16:05:00,3251,YUL
3006,1,2022-08-30 16:05:00,3251,YUL
3094,1,2022-08-30 16:05:00,3251,YUL
3118,1,2022-08-30 16:05:00,3251,YUL
3329,1,2022-08-30 16:05:00,3251,YUL
3718,1,2022-08-30 16:05:00,3251,YUL
3833,1,2022-08-30 16:35:00,3251,YUL
4072,1,2022-08-30 16:35:00,3251,YUL
4160,1,2022-08-30 16:35:00,3251,YUL
4500,1,2022-08-30 17:05:00,3251,YUL
2502,1,2022-08-30 10:06:00,3255,YUL
8410,3,2022-08-30 17:21:00,3260,YUL
1534,2,2022-08-30 17:36:00,3260,YUL
12866,2,2022-08-30 17:16:00,3265,YYC
3613,1,2022-08-31 18:23:00,3316,YUL
4030,1,2022-08-31 18:23:00,3316,YUL
3354,1,2022-08-31 16:47:00,3322,YUL
3477,1,2022-08-31 16:55:00,3322,YUL
8618,1,2022-08-31 00:05:00,3328,YUL
8617,2,2022-08-31 15:10:00,3329,YVR
3802,1,2022-08-31 15:10:00,3329,YVR
3929,1,2022-08-31 15:10:00,3329,YVR
12903,3,2022-08-31 11:13:00,3338,YYZ
17287,3,2022-08-31 18:00:00,3345,YYZ
19402,6,2022-08-31 16:22:00,3346,YUL
17262,15,2022-08-31 11:00:00,3349,YYZ
17785,10,2022-08-31 15:40:00,3351,YYZ
17784,8,2022-08-31 16:42:00,3352,YUL
17780,9,2022-08-31 17:23:00,3353,YYZ
17779,4,2022-08-31 16:55:00,3356,YUL
3239,1,2022-08-31 16:55:00,3356,YUL
19363,8,2022-08-31 10:26:00,3362,YYZ
19370,11,2022-08-31 15:05:00,3367,YYZ
8601,2,2022-08-31 11:31:00,3369,YYZ
3076,1,2022-09-01 17:23:00,3446,YYZ
4403,1,2022-09-01 17:23:00,3446,YYZ
19116,8,2022-09-01 17:14:00,3453,YUL
4806,1,2022-09-01 17:14:00,3453,YUL
12865,3,2022-09-01 10:55:00,3456,YUL
13013,3,2022-09-01 11:00:00,3456,YUL
8405,2,2022-09-01 11:00:00,3456,YUL
2805,1,2022-09-01 11:00:00,3456,YUL
2809,1,2022-09-01 11:00:00,3456,YUL
2987,1,2022-09-01 11:00:00,3456,YUL
3227,2,2022-09-01 11:22:30,3456,YUL
3635,3,2022-09-01 11:30:00,3456,YUL
3642,5,2022-09-01 11:37:30,3456,YUL
1507,1,2022-09-01 11:35:00,3456,YUL
9205,2,2022-09-01 16:56:00,3457,YYC
15154,2,2022-09-01 00:15:00,3461,YUL
15151,5,2022-09-01 10:50:00,3463,YYZ
15149,4,2022-09-01 16:46:00,3472,YUL
19118,8,2022-09-02 17:14:00,3510,YUL
13247,2,2022-09-02 10:20:00,3568,YYZ
13323,2,2022-09-02 10:20:00,3568,YYZ
8383,1,2022-09-02 10:20:00,3568,YYZ
2930,1,2022-09-02 10:20:00,3568,YYZ
2931,1,2022-09-02 10:20:00,3568,YYZ
4264,1,2022-09-02 10:20:00,3568,YYZ
4303,1,2022-09-02 10:20:00,3568,YYZ
4476,1,2022-09-02 10:20:00,3568,YYZ
4499,1,2022-09-02 10:20:00,3568,YYZ
4807,1,2022-09-02 10:50:00,3568,YYZ
1518,1,2022-09-02 10:50:00,3568,YYZ
18930,25,2022-09-02 15:40:00,3570,YYZ
18925,23,2022-09-02 17:23:00,3571,YYZ
2806,2,2022-09-02 17:23:00,3571,YYZ
2847,2,2022-09-02 17:23:00,3571,YYZ
4631,2,2022-09-02 17:23:00,3571,YYZ
15349,2,2022-09-02 16:55:00,3574,YYC
4451,1,2022-09-03 15:40:00,3674,YYZ
18813,18,2022-09-03 17:23:00,3677,YYZ
19114,8,2022-09-04 17:14:00,3761,YUL
4816,1,2022-09-04 17:14:00,3761,YUL
3546,1,2022-09-04 10:26:00,3764,YUL
3269,1,2022-09-04 15:36:00,3766,YYC
1597,1,2022-09-04 16:00:00,3766,YYC
16049,2,2022-09-04 00:15:00,3773,YUL
12697,1,2022-09-04 00:15:00,3773,YUL
8958,1,2022-09-04 02:03:00,3773,YUL
9366,2,2022-09-04 02:15:00,3773,YUL
13190,3,2022-09-04 10:55:00,3774,YUL
13324,3,2022-09-04 11:00:00,3774,YUL
8387,2,2022-09-04 11:00:00,3774,YUL
2788,1,2022-09-04 11:00:00,3774,YUL
2859,1,2022-09-04 11:00:00,3774,YUL
3268,1,2022-09-04 11:00:00,3774,YUL
4037,2,2022-09-04 11:22:30,3774,YUL
4151,3,2022-09-04 11:30:00,3774,YUL
4741,5,2022-09-04 11:37:30,3774,YUL
1519,1,2022-09-04 11:35:00,3774,YUL
8636,2,2022-09-04 16:56:00,3775,YYC
3669,2,2022-09-04 17:26:00,3775,YYC
8989,1,2022-09-05 10:20:00,3877,YYZ
13051,3,2022-09-05 15:40:00,3879,YYZ
9029,2,2022-09-05 15:40:00,3879,YYZ
19107,10,2022-09-06 13:16:00,3901,YYZ
3549,1,2022-09-06 15:39:00,3953,YYZ
13114,2,2022-09-06 21:25:00,3954,YUL
13379,2,2022-09-06 21:25:00,3954,YUL
8389,1,2022-09-06 21:25:00,3954,YUL
2800,1,2022-09-06 21:25:00,3954,YUL
2887,1,2022-09-06 21:25:00,3954,YUL
3777,1,2022-09-06 21:25:00,3954,YUL
4204,1,2022-09-06 21:25:00,3954,YUL
4399,1,2022-09-06 21:25:00,3954,YUL
4625,1,2022-09-06 21:25:00,3954,YUL
4757,2,2022-09-06 21:55:00,3954,YUL
1505,1,2022-09-06 21:55:00,3954,YUL
19439,3,2022-09-06 12:35:00,3956,YYZ
20759,3,2022-09-06 12:35:00,3956,YYZ
15193,3,2022-09-06 10:24:00,3970,YYZ
8924,1,2022-09-07 00:02:00,4058,YUL
9180,1,2022-09-07 00:02:00,4058,YUL
3189,1,2022-09-08 15:24:00,4149,YUL
15873,2,2022-09-08 00:58:00,4157,YYZ
12998,1,2022-09-08 00:58:00,4157,YYZ
13166,1,2022-09-08 00:58:00,4157,YYZ
11802,1,2022-09-08 00:58:00,4157,YYZ
8664,1,2022-09-08 00:58:00,4157,YYZ
8866,1,2022-09-08 00:58:00,4157,YYZ
9101,1,2022-09-08 01:58:00,4157,YYZ
4008,1,2022-09-08 01:58:00,4157,YYZ
15354,3,2022-09-08 10:20:00,4158,YUL
3007,1,2022-09-08 15:35:00,4161,YYC
3655,1,2022-09-09 00:10:00,4259,YUL
3925,1,2022-09-09 00:10:00,4259,YUL
4063,1,2022-09-09 00:10:00,4259,YUL
3483,1,2022-09-09 01:45:00,4262,YYZ
3897,1,2022-09-09 01:45:00,4262,YYZ
4745,1,2022-09-09 01:45:00,4262,YYZ
2929,1,2022-09-09 10:59:00,4265,YUL
3069,1,2022-09-09 10:59:00,4265,YUL
3267,1,2022-09-09 10:59:00,4265,YUL
3399,1,2022-09-09 11:00:00,4265,YUL
3480,1,2022-09-09 11:00:00,4265,YUL
3688,1,2022-09-09 11:00:00,4265,YUL
3893,1,2022-09-09 11:00:00,4265,YUL
4034,1,2022-09-09 11:00:00,4265,YUL
4251,1,2022-09-09 11:00:00,4265,YUL
18919,14,2022-09-09 16:38:00,4266,YYZ
18929,18,2022-09-09 16:38:00,4266,YYZ
15189,4,2022-09-09 17:16:00,4269,YUL
2992,1,2022-09-09 17:16:00,4269,YUL
2957,1,2022-09-10 17:16:00,4328,YUL
9019,1,2022-09-10 13:16:00,4336,YYZ
19117,13,2022-09-10 17:15:00,4338,YYZ
3295,1,2022-09-10 16:47:00,4346,YUL
3784,1,2022-09-10 16:47:00,4346,YUL
12703,1,2022-09-10 00:10:00,4351,YUL
9367,1,2022-09-10 00:10:00,4351,YUL
9449,1,2022-09-10 00:10:00,4351,YUL
3254,1,2022-09-10 01:10:00,4351,YUL
16082,3,2022-09-10 01:45:00,4353,YYZ
8724,4,2022-09-10 02:54:30,4353,YYZ
9296,2,2022-09-10 13:12:00,4362,YYZ
19664,4,2022-09-10 01:32:00,4367,YYZ
3365,1,2022-09-10 16:21:00,4371,YUL
2937,1,2022-09-11 10:59:00,4439,YUL
2886,1,2022-09-11 16:38:00,4440,YYZ
3574,1,2022-09-11 16:38:00,4440,YYZ
11872,2,2022-09-11 17:16:00,4443,YUL
15233,2,2022-09-11 10:24:00,4448,YUL
13356,5,2022-09-11 11:00:00,4448,YUL
16126,3,2022-09-11 15:24:00,4453,YUL
12700,2,2022-09-11 15:24:00,4453,YUL
9248,1,2022-09-11 15:24:00,4453,YUL
9396,1,2022-09-11 15:24:00,4453,YUL
9403,1,2022-09-11 15:24:00,4453,YUL
15210,2,2022-09-11 17:15:00,4454,YYC
2936,1,2022-09-11 16:15:00,4462,YYZ
13073,3,2022-09-11 11:25:00,4465,YUL
13136,3,2022-09-11 11:25:00,4465,YUL
13172,3,2022-09-11 11:25:00,4465,YUL
16025,2,2022-09-11 00:10:00,4468,YUL
12699,1,2022-09-11 00:10:00,4468,YUL
8800,1,2022-09-11 01:58:00,4468,YUL
8852,1,2022-09-11 02:10:00,4468,YUL
9498,1,2022-09-11 02:10:00,4468,YUL
17917,6,2022-09-11 01:45:00,4471,YYZ
3528,1,2022-09-11 01:45:00,4471,YYZ
8620,2,2022-09-11 16:47:00,4473,YUL
8672,2,2022-09-11 16:47:00,4473,YUL
8779,2,2022-09-11 16:47:00,4473,YUL
9226,2,2022-09-11 16:47:00,4473,YUL
9315,2,2022-09-11 16:47:00,4473,YUL
9397,2,2022-09-11 16:47:00,4473,YUL
2865,1,2022-09-11 16:47:00,4473,YUL
3107,1,2022-09-11 16:47:00,4473,YUL
4191,1,2022-09-12 15:39:00,4565,YYZ
3870,1,2022-09-12 17:23:00,4568,YYZ
19103,10,2022-09-13 13:16:00,4583,YYZ
3789,1,2022-09-13 12:35:00,4637,YYZ
4580,1,2022-09-13 12:35:00,4637,YYZ
4766,1,2022-09-13 12:35:00,4637,YYZ
4817,1,2022-09-13 12:35:00,4637,YYZ
3620,1,2022-09-13 15:59:00,4639,YYZ
3586,1,2022-09-13 10:02:00,4643,YUL
4584,2,2022-09-13 10:02:00,4643,YUL
8854,1,2022-09-13 00:58:00,4653,YYZ
9050,1,2022-09-13 00:58:00,4653,YYZ
13289,2,2022-09-13 10:20:00,4654,YUL
13351,5,2022-09-13 11:00:00,4654,YUL
3084,1,2022-09-13 10:20:00,4654,YUL
3113,1,2022-09-13 10:50:00,4654,YUL
3370,2,2022-09-13 11:00:00,4654,YUL
8407,1,2022-09-13 15:35:00,4657,YYC
1536,1,2022-09-13 16:00:00,4657,YYC
18308,3,2022-09-13 00:08:00,4665,YUL
12813,2,2022-09-13 21:25:00,4671,YUL
13039,2,2022-09-13 21:25:00,4671,YUL
20739,2,2022-09-13 21:25:00,4671,YUL
8402,1,2022-09-13 21:25:00,4671,YUL
2705,1,2022-09-13 21:25:00,4671,YUL
2735,1,2022-09-13 21:25:00,4671,YUL
2817,1,2022-09-13 21:25:00,4671,YUL
3373,1,2022-09-13 21:25:00,4671,YUL
3683,2,2022-09-13 21:52:00,4671,YUL
4220,2,2022-09-13 21:55:00,4671,YUL
4504,2,2022-09-13 21:55:00,4671,YUL
1529,2,2022-09-13 22:07:00,4671,YUL
4036,1,2022-09-14 10:02:00,4750,YUL
14750,2,2022-09-14 00:58:00,4757,YYZ
13045,1,2022-09-14 00:58:00,4757,YYZ
13211,1,2022-09-14 00:58:00,4757,YYZ
12706,1,2022-09-14 00:58:00,4757,YYZ
11754,1,2022-09-14 00:58:00,4757,YYZ
12066,1,2022-09-14 00:58:00,4757,YYZ
12067,2,2022-09-14 02:07:00,4757,YYZ
9136,2,2022-09-14 02:28:00,4757,YYZ
3482,1,2022-09-14 15:35:00,4760,YYC
16163,2,2022-09-14 00:08:00,4768,YUL
15357,1,2022-09-14 00:08:00,4768,YUL
12890,2,2022-09-14 02:08:00,4768,YUL
15199,3,2022-09-14 10:20:00,4769,YUL
15238,8,2022-09-14 11:00:00,4769,YUL
4048,1,2022-09-15 15:39:00,4865,YYZ
4049,1,2022-09-15 15:39:00,4865,YYZ
3406,1,2022-09-15 17:23:00,4868,YYZ
11867,1,2022-09-15 16:53:00,4873,YYZ
4033,1,2022-09-16 10:24:00,4975,YYZ
4738,1,2022-09-16 10:24:00,4975,YYZ
2630,1,2022-09-16 15:39:00,4976,YYZ
3727,1,2022-09-16 15:39:00,4976,YYZ
3060,1,2022-09-17 00:08:00,5054,YUL
3290,1,2022-09-17 00:08:00,5054,YUL
3934,1,2022-09-17 00:08:00,5054,YUL
8788,1,2022-09-17 21:25:00,5063,YUL
9181,1,2022-09-17 21:25:00,5063,YUL
3059,1,2022-09-17 21:25:00,5063,YUL
3456,1,2022-09-17 21:25:00,5063,YUL
19907,2,2022-09-17 17:02:00,5066,YUL
12063,2,2022-09-17 16:42:00,5077,YUL
4350,1,2022-09-18 10:20:00,5158,YUL
4074,1,2022-09-18 15:35:00,5161,YYC
3576,1,2022-09-18 00:08:00,5169,YUL
4001,1,2022-09-18 00:08:00,5169,YUL
3183,1,2022-09-18 10:24:00,5178,YYZ
3575,1,2022-09-18 10:24:00,5178,YYZ
3055,1,2022-09-18 17:23:00,5182,YYZ
2789,1,2022-09-18 15:39:00,5185,YYZ
3070,1,2022-09-18 15:39:00,5185,YYZ
19101,8,2022-09-19 12:00:00,5266,YYZ
3380,1,2022-09-19 10:24:00,5278,YYZ
4233,1,2022-09-19 10:24:00,5278,YYZ
3372,1,2022-09-19 15:39:00,5280,YYZ
3814,1,2022-09-19 15:39:00,5280,YYZ
13061,3,2022-09-19 17:23:00,5283,YYZ
13277,3,2022-09-19 17:23:00,5283,YYZ
8399,1,2022-09-19 17:23:00,5283,YYZ
2888,1,2022-09-19 17:23:00,5283,YYZ
2892,1,2022-09-19 17:23:00,5283,YYZ
3455,1,2022-09-19 17:23:00,5283,YYZ
3728,1,2022-09-19 17:23:00,5283,YYZ
4310,1,2022-09-19 17:23:00,5283,YYZ
4415,1,2022-09-19 17:23:00,5283,YYZ
4737,1,2022-09-19 17:23:00,5283,YYZ
1499,1,2022-09-19 17:23:00,5283,YYZ
4206,1,2022-09-20 15:39:00,5342,YYZ
4203,1,2022-09-20 17:23:00,5345,YYZ
3677,1,2022-09-20 16:53:00,5349,YYC
4545,1,2022-09-20 16:53:00,5349,YYC
3395,1,2022-09-20 15:35:00,5352,YYC
3134,1,2022-09-20 00:08:00,5359,YUL
3867,1,2022-09-20 00:08:00,5359,YUL
2672,1,2022-09-20 00:58:00,5368,YYZ
3523,1,2022-09-20 00:58:00,5368,YYZ
8967,1,2022-09-20 15:56:00,5382,YYZ
9212,1,2022-09-20 15:56:00,5382,YYZ
3793,1,2022-09-20 15:56:00,5382,YYZ
3969,1,2022-09-20 15:56:00,5382,YYZ
11776,2,2022-09-20 21:25:00,5386,YUL
8996,1,2022-09-20 21:25:00,5386,YUL
18923,5,2022-09-21 13:16:00,5451,YYZ
18921,12,2022-09-21 17:24:00,5454,YUL
4161,1,2022-09-21 13:12:00,5462,YYZ
3967,1,2022-09-21 00:58:00,5464,YYZ
4473,1,2022-09-21 00:58:00,5464,YYZ
4474,1,2022-09-21 00:58:00,5464,YYZ
3639,1,2022-09-21 10:20:00,5465,YUL
4357,1,2022-09-21 10:20:00,5465,YUL
2631,1,2022-09-21 15:35:00,5468,YYC
9127,1,2022-09-21 00:08:00,5476,YUL
9293,1,2022-09-21 01:02:00,5476,YUL
2994,1,2022-09-21 01:02:00,5476,YUL
3201,1,2022-09-21 01:08:00,5476,YUL
8643,1,2022-09-21 00:02:00,5480,YUL
8644,1,2022-09-21 00:02:00,5480,YUL
18312,9,2022-09-21 12:58:00,5485,YYZ
2938,1,2022-09-21 12:58:00,5485,YYZ
4613,1,2022-09-21 12:58:00,5485,YYZ
4678,1,2022-09-22 17:16:00,5553,YUL
3454,1,2022-09-22 01:32:00,5573,YYZ
3585,1,2022-09-22 01:32:00,5573,YYZ
2933,1,2022-09-22 17:15:00,5576,YYZ
19124,10,2022-09-22 13:16:00,5584,YYZ
12833,3,2022-09-22 13:12:00,5586,YYZ
13009,3,2022-09-22 13:12:00,5586,YYZ
13058,3,2022-09-22 13:12:00,5586,YYZ
8404,1,2022-09-22 13:12:00,5586,YYZ
3166,1,2022-09-22 13:12:00,5586,YYZ
3167,1,2022-09-22 13:12:00,5586,YYZ
3563,1,2022-09-22 13:12:00,5586,YYZ
3671,1,2022-09-22 13:12:00,5586,YYZ
4131,1,2022-09-22 13:12:00,5586,YYZ
4235,1,2022-09-22 13:12:00,5586,YYZ
4240,1,2022-09-22 13:12:00,5586,YYZ
4293,8,2022-09-22 13:12:00,5586,YYZ
4408,2,2022-09-22 13:42:00,5586,YYZ
1521,1,2022-09-22 13:42:00,5586,YYZ
19115,10,2022-09-23 13:16:00,5653,YYZ
20516,1,2022-09-23 15:24:00,5655,YUL
4695,1,2022-09-23 17:24:00,5657,YUL
4523,1,2022-09-23 12:58:00,5665,YYZ
4632,1,2022-09-23 12:58:00,5665,YYZ
4689,1,2022-09-23 12:58:00,5665,YYZ
4159,1,2022-09-23 00:58:00,5667,YYZ
3374,1,2022-09-23 10:20:00,5668,YUL
3056,1,2022-09-23 15:35:00,5671,YYC
8937,1,2022-09-23 00:08:00,5679,YUL
9320,1,2022-09-23 00:08:00,5679,YUL
3325,1,2022-09-23 02:10:00,5679,YUL
3854,1,2022-09-23 02:40:00,5679,YUL
4809,1,2022-09-23 16:47:00,5687,YUL
12940,1,2022-09-23 00:10:00,5692,YUL
13330,1,2022-09-23 00:10:00,5692,YUL
8395,1,2022-09-23 01:08:00,5692,YUL
2707,1,2022-09-23 01:53:00,5692,YUL
3678,1,2022-09-23 02:10:00,5692,YUL
3781,1,2022-09-23 02:23:00,5692,YUL
3830,1,2022-09-23 02:40:00,5692,YUL
1506,1,2022-09-23 02:53:00,5692,YUL
19121,13,2022-09-24 17:15:00,5760,YYZ
19102,10,2022-09-24 13:16:00,5774,YYZ
2668,1,2022-09-24 01:45:00,5784,YYZ
3634,1,2022-09-24 01:45:00,5784,YYZ
3788,1,2022-09-24 01:45:00,5784,YYZ
11941,1,2022-09-24 10:59:00,5788,YUL
3687,1,2022-09-24 10:59:00,5788,YUL
20158,3,2022-09-24 16:38:00,5789,YYZ
20250,1,2022-09-24 16:38:00,5789,YYZ
18386,11,2022-09-24 17:16:00,5792,YUL
2950,1,2022-09-25 15:35:00,5876,YYC
2615,1,2022-09-25 00:10:00,5886,YUL
2689,1,2022-09-25 00:10:00,5886,YUL
2748,1,2022-09-25 00:10:00,5886,YUL
2881,1,2022-09-25 00:40:00,5886,YUL
11734,2,2022-09-25 17:23:00,5889,YYZ
13032,2,2022-09-25 10:24:00,5895,YYZ
13328,2,2022-09-25 10:24:00,5895,YYZ
8393,1,2022-09-25 10:24:00,5895,YYZ
2797,1,2022-09-25 10:24:00,5895,YYZ
2995,1,2022-09-25 10:24:00,5895,YYZ
3282,1,2022-09-25 10:24:00,5895,YYZ
3682,1,2022-09-25 10:24:00,5895,YYZ
3775,1,2022-09-25 10:24:00,5895,YYZ
4348,1,2022-09-25 10:24:00,5895,YYZ
4488,1,2022-09-25 10:54:00,5895,YYZ
4753,1,2022-09-25 10:54:00,5895,YYZ
4820,1,2022-09-25 10:54:00,5895,YYZ
1501,1,2022-09-25 10:54:00,5895,YYZ
18039,11,2022-09-25 15:39:00,5897,YYZ
8669,2,2022-09-25 15:39:00,5897,YYZ
8746,2,2022-09-25 15:39:00,5897,YYZ
8747,2,2022-09-25 15:39:00,5897,YYZ
8883,2,2022-09-25 15:39:00,5897,YYZ
9244,2,2022-09-25 15:39:00,5897,YYZ
9319,2,2022-09-25 15:39:00,5897,YYZ
9325,2,2022-09-25 15:39:00,5897,YYZ
2654,1,2022-09-25 15:39:00,5897,YYZ
3554,2,2022-09-25 16:00:00,5897,YYZ
3891,2,2022-09-25 16:00:00,5897,YYZ
19111,8,2022-09-26 12:00:00,5962,YYZ
4002,1,2022-09-26 17:16:00,5974,YUL
3276,1,2022-09-26 17:23:00,5982,YYZ
3945,1,2022-09-26 17:23:00,5982,YYZ
4663,1,2022-09-26 16:42:00,5988,YUL
4791,1,2022-09-26 16:42:00,5988,YUL
4652,1,2022-09-26 16:42:00,5993,YUL
2846,1,2022-09-26 21:25:00,6003,YUL
3002,1,2022-09-26 21:25:00,6003,YUL
3210,1,2022-09-26 21:25:00,6003,YUL
2826,1,2022-09-26 10:24:00,6004,YYZ
3098,1,2022-09-26 10:24:00,6004,YYZ
3099,1,2022-09-26 10:24:00,6004,YYZ
3656,1,2022-09-26 10:24:00,6004,YYZ
2803,1,2022-09-26 15:39:00,6006,YYZ
4812,1,2022-09-26 15:39:00,6006,YYZ
4407,1,2022-09-27 15:39:00,6057,YYZ
4578,1,2022-09-27 15:39:00,6057,YYZ
1515,1,2022-09-27 15:39:00,6057,YYZ
3481,1,2022-09-27 17:23:00,6060,YYZ
3674,1,2022-09-27 17:23:00,6060,YYZ
4340,1,2022-09-27 17:23:00,6060,YYZ
2970,1,2022-09-27 16:53:00,6063,YYC
2990,1,2022-09-27 16:53:00,6063,YYC
2964,1,2022-09-27 00:58:00,6068,YYZ
2698,1,2022-09-27 15:35:00,6071,YYC
8775,1,2022-09-27 00:08:00,6078,YUL
8816,1,2022-09-27 00:08:00,6078,YUL
12023,2,2022-09-27 15:56:00,6085,YYZ
9462,1,2022-09-27 15:56:00,6085,YYZ
12806,2,2022-09-27 21:25:00,6089,YUL
13191,2,2022-09-27 21:25:00,6089,YUL
8940,2,2022-09-27 21:25:00,6089,YUL
8394,1,2022-09-27 21:25:00,6089,YUL
3168,1,2022-09-27 21:25:00,6089,YUL
3225,1,2022-09-27 21:25:00,6089,YUL
3226,1,2022-09-27 21:25:00,6089,YUL
3441,1,2022-09-27 21:25:00,6089,YUL
3494,2,2022-09-27 21:55:00,6089,YUL
3633,2,2022-09-27 21:55:00,6089,YUL
3776,2,2022-09-27 21:55:00,6089,YUL
19120,10,2022-09-28 13:16:00,6164,YYZ
2891,1,2022-09-28 00:08:00,6184,YUL
9383,1,2022-09-28 10:24:00,6189,YYZ
8853,2,2022-09-28 15:39:00,6191,YYZ
9282,2,2022-09-28 15:39:00,6191,YYZ
3676,1,2022-09-28 15:39:00,6191,YYZ
4541,1,2022-09-28 15:39:00,6191,YYZ
18031,11,2022-09-28 17:23:00,6194,YYZ
12966,3,2022-09-28 17:23:00,6194,YYZ
13299,3,2022-09-28 17:23:00,6194,YYZ
8411,1,2022-09-28 17:23:00,6194,YYZ
2811,1,2022-09-28 17:23:00,6194,YYZ
2836,1,2022-09-28 17:23:00,6194,YYZ
2953,1,2022-09-28 17:23:00,6194,YYZ
3080,1,2022-09-28 17:23:00,6194,YYZ
3231,1,2022-09-28 17:23:00,6194,YYZ
3946,2,2022-09-28 17:23:00,6194,YYZ
4783,2,2022-09-28 17:23:00,6194,YYZ
1526,1,2022-09-28 17:23:00,6194,YYZ
3495,1,2022-09-29 15:15:00,6282,YYZ
4351,1,2022-09-29 15:15:00,6282,YYZ
4490,1,2022-09-29 15:15:00,6282,YYZ
2712,2,2022-09-29 17:15:00,6283,YYZ
2725,2,2022-09-29 17:15:00,6283,YYZ
2978,2,2022-09-29 17:15:00,6283,YYZ
8637,1,2022-09-29 10:24:00,6291,YYZ
8665,1,2022-09-29 10:24:00,6291,YYZ
20715,3,2022-09-29 15:39:00,6293,YYZ
18385,13,2022-09-29 17:23:00,6296,YYZ
19113,8,2022-09-29 16:53:00,6301,YYZ
12832,1,2022-09-29 16:53:00,6301,YYZ
13394,1,2022-09-29 16:53:00,6301,YYZ
8392,1,2022-09-29 16:53:00,6301,YYZ
3034,1,2022-09-29 16:53:00,6301,YYZ
3036,1,2022-09-29 16:53:00,6301,YYZ
3184,1,2022-09-29 16:53:00,6301,YYZ
3562,1,2022-09-29 16:53:00,6301,YYZ
3841,1,2022-09-29 16:53:00,6301,YYZ
4291,1,2022-09-29 16:53:00,6301,YYZ
4532,1,2022-09-29 16:53:00,6301,YYZ
4546,1,2022-09-29 16:53:00,6301,YYZ
4562,1,2022-09-29 16:53:00,6301,YYZ
1509,1,2022-09-29 16:53:00,6301,YYZ
3641,1,2022-09-30 21:25:00,6387,YUL
4213,1,2022-09-30 21:25:00,6387,YUL
4498,1,2022-09-30 21:25:00,6387,YUL
2632,1,2022-09-30 00:08:00,6390,YUL
3591,1,2022-09-30 00:38:00,6390,YUL
3872,1,2022-09-30 01:02:00,6390,YUL
4588,1,2022-09-30 01:02:00,6390,YUL
9348,1,2022-09-30 00:02:00,6393,YUL
9412,1,2022-09-30 00:02:00,6393,YUL
4424,1,2022-10-01 21:25:00,6511,YUL
4086,1,2022-10-01 10:24:00,6513,YYZ
4162,1,2022-10-01 10:24:00,6513,YYZ
4450,1,2022-10-01 10:24:00,6513,YYZ
3165,1,2022-10-01 15:39:00,6515,YYZ
4055,1,2022-10-02 16:15:00,6605,YYZ
3323,1,2022-10-02 10:59:00,6606,YUL
3719,1,2022-10-02 11:07:00,6608,YUL
2802,1,2022-10-02 01:32:00,6621,YYZ
2951,1,2022-10-02 01:32:00,6621,YYZ
3502,1,2022-10-02 01:32:00,6621,YYZ
4211,1,2022-10-02 01:32:00,6621,YYZ
4353,1,2022-10-02 01:32:00,6621,YYZ
4359,1,2022-10-02 01:32:00,6621,YYZ
4627,1,2022-10-02 01:32:00,6621,YYZ
4761,1,2022-10-02 02:02:00,6621,YYZ
4808,1,2022-10-02 02:02:00,6621,YYZ
2665,1,2022-10-02 16:10:00,6625,YYZ
2666,1,2022-10-02 16:10:00,6625,YYZ
2667,1,2022-10-02 16:10:00,6625,YYZ
2796,1,2022-10-02 16:10:00,6625,YYZ
3075,1,2022-10-02 16:10:00,6625,YYZ
3223,1,2022-10-02 16:10:00,6625,YYZ
3774,1,2022-10-02 16:10:00,6625,YYZ
4045,1,2022-10-02 16:10:00,6625,YYZ
4201,1,2022-10-02 16:10:00,6625,YYZ
4530,1,2022-10-03 15:35:00,6729,YYC
3584,1,2022-10-03 00:08:00,6737,YUL
3957,1,2022-10-03 00:08:00,6737,YUL
15324,4,2022-10-03 10:41:00,6742,YYZ
3579,1,2022-10-04 16:38:00,6849,YYZ
4150,1,2022-10-04 16:38:00,6849,YYZ
2617,1,2022-10-04 17:16:00,6852,YUL
3133,1,2022-10-04 17:16:00,6852,YUL
3667,1,2022-10-04 17:16:00,6852,YUL
3933,1,2022-10-04 17:16:00,6852,YUL
3944,1,2022-10-04 17:16:00,6852,YUL
3996,1,2022-10-04 17:16:00,6852,YUL
4143,1,2022-10-04 17:16:00,6852,YUL
4650,1,2022-10-04 17:16:00,6852,YUL
4706,1,2022-10-04 17:16:00,6852,YUL
4622,1,2022-10-05 15:35:00,6942,YYC
2620,1,2022-10-05 00:08:00,6950,YUL
4576,1,2022-10-05 00:08:00,6950,YUL
8801,2,2022-10-05 10:41:00,6955,YYZ
9199,2,2022-10-05 10:41:00,6955,YYZ
3538,1,2022-10-05 10:41:00,6955,YYZ
3640,1,2022-10-05 10:41:00,6955,YYZ
15316,3,2022-10-05 10:58:00,6962,YYZ
4003,1,2022-10-06 17:23:00,7064,YYZ
4304,1,2022-10-06 17:23:00,7064,YYZ
3522,1,2022-10-06 10:58:00,7068,YYZ
4214,1,2022-10-06 10:58:00,7068,YYZ
4765,1,2022-10-06 10:58:00,7068,YYZ
3306,1,2022-10-06 12:00:00,7077,YYZ
3666,1,2022-10-06 12:00:00,7077,YYZ
4158,1,2022-10-07 16:21:00,7175,YUL
3917,1,2022-10-07 10:24:00,7179,YYZ
4398,1,2022-10-07 10:24:00,7179,YYZ
2798,1,2022-10-07 16:29:00,7180,YUL
11741,2,2022-10-07 15:39:00,7181,YYZ
8957,2,2022-10-07 15:39:00,7181,YYZ
3237,1,2022-10-07 16:42:00,7183,YUL
3794,1,2022-10-07 16:42:00,7183,YUL
4764,1,2022-10-07 16:42:00,7183,YUL
20304,4,2022-10-07 17:23:00,7184,YYZ
12944,3,2022-10-07 17:23:00,7184,YYZ
13126,3,2022-10-07 17:23:00,7184,YYZ
8408,1,2022-10-07 17:23:00,7184,YYZ
2821,1,2022-10-07 17:23:00,7184,YYZ
2822,1,2022-10-07 17:23:00,7184,YYZ
3947,1,2022-10-07 17:23:00,7184,YYZ
3970,1,2022-10-07 17:23:00,7184,YYZ
4061,1,2022-10-07 17:23:00,7184,YYZ
4225,1,2022-10-07 17:23:00,7184,YYZ
4239,1,2022-10-07 17:23:00,7184,YYZ
4370,1,2022-10-07 17:23:00,7184,YYZ
4655,1,2022-10-07 17:23:00,7184,YYZ
1504,1,2022-10-07 17:23:00,7184,YYZ
19997,4,2022-10-07 10:58:00,7187,YYZ
12876,2,2022-10-07 10:58:00,7187,YYZ
13142,2,2022-10-07 10:58:00,7187,YYZ
8409,1,2022-10-07 10:58:00,7187,YYZ
3042,1,2022-10-07 10:58:00,7187,YYZ
3044,1,2022-10-07 10:58:00,7187,YYZ
3446,1,2022-10-07 11:00:00,7187,YYZ
4268,1,2022-10-07 11:00:00,7187,YYZ
4300,1,2022-10-07 11:00:00,7187,YYZ
4301,1,2022-10-07 11:00:00,7187,YYZ
4704,1,2022-10-07 11:00:00,7187,YYZ
4705,1,2022-10-07 11:00:00,7187,YYZ
4709,1,2022-10-07 11:00:00,7187,YYZ
1522,1,2022-10-07 11:00:00,7187,YYZ
4205,1,2022-10-08 10:59:00,7287,YUL
2962,1,2022-10-08 17:23:00,7291,YYZ
3501,1,2022-10-08 17:23:00,7291,YYZ
2609,1,2022-10-08 10:58:00,7295,YYZ
20456,2,2022-10-08 15:39:00,7299,YYZ
19619,4,2022-10-08 10:24:00,7301,YYZ
12845,2,2022-10-08 10:24:00,7301,YYZ
13188,2,2022-10-08 10:24:00,7301,YYZ
8381,1,2022-10-08 10:24:00,7301,YYZ
2785,1,2022-10-08 10:24:00,7301,YYZ
3326,1,2022-10-08 10:24:00,7301,YYZ
3327,1,2022-10-08 10:54:00,7301,YYZ
3355,1,2022-10-08 10:54:00,7301,YYZ
4189,2,2022-10-08 11:00:00,7301,YYZ
4335,2,2022-10-08 11:00:00,7301,YYZ
4728,2,2022-10-08 11:00:00,7301,YYZ
1489,1,2022-10-08 11:00:00,7301,YYZ
4802,1,2022-10-09 21:25:00,7400,YUL
3577,1,2022-10-09 10:41:00,7407,YYZ
3828,1,2022-10-09 10:41:00,7407,YYZ
3704,1,2022-10-10 17:20:00,7511,YUL
2724,1,2022-10-10 15:56:00,7515,YYZ
8752,1,2022-10-10 00:02:00,7519,YUL
9024,1,2022-10-10 00:02:00,7519,YUL
19984,2,2022-10-10 10:41:00,7522,YYZ
3910,1,2022-10-10 16:42:00,7530,YUL
3527,1,2022-10-11 00:08:00,7631,YUL
4664,1,2022-10-11 00:32:00,7631,YUL
3407,1,2022-10-11 00:02:00,7633,YUL
4624,1,2022-10-11 00:02:00,7633,YUL
17306,4,2022-10-12 17:24:00,7695,YUL
3390,1,2022-10-12 18:24:00,7696,YUL
3534,1,2022-10-12 18:24:00,7696,YUL
3057,1,2022-10-12 10:07:00,7704,YUL
17300,8,2022-10-12 11:12:00,7705,YYZ
17297,4,2022-10-12 01:32:00,7716,YYZ
17277,8,2022-10-12 10:41:00,7721,YYZ
2833,1,2022-10-12 10:02:00,7728,YUL
3780,2,2022-10-12 10:02:00,7728,YUL
17308,8,2022-10-12 16:42:00,7729,YUL
17263,2,2022-10-12 00:08:00,7731,YUL
19382,2,2022-10-12 10:20:00,7737,YUL
2808,1,2022-10-12 15:35:00,7740,YYC
3398,1,2022-10-13 00:02:00,7844,YUL
4694,1,2022-10-13 00:02:00,7844,YUL
8764,2,2022-10-13 10:41:00,7847,YYZ
9369,2,2022-10-13 10:41:00,7847,YYZ
2799,1,2022-10-13 10:41:00,7847,YYZ
3025,1,2022-10-13 10:41:00,7847,YYZ
3117,1,2022-10-14 10:24:00,7961,YYZ
11858,2,2022-10-14 15:39:00,7963,YYZ
8716,2,2022-10-14 15:39:00,7963,YYZ
3146,1,2022-10-15 10:59:00,8029,YUL
3015,1,2022-10-15 16:38:00,8030,YYZ
4431,1,2022-10-15 16:38:00,8030,YYZ
4432,1,2022-10-15 16:38:00,8030,YYZ
9112,1,2022-10-15 01:32:00,8036,YYZ
9398,1,2022-10-15 01:32:00,8036,YYZ
8808,1,2022-10-15 15:15:00,8055,YYZ
20144,7,2022-10-15 17:24:00,8057,YUL
20467,2,2022-10-15 18:24:00,8059,YUL
19990,2,2022-10-15 18:24:00,8059,YUL
20502,1,2022-10-15 18:48:00,8059,YUL
3843,1,2022-10-15 10:07:00,8066,YUL
4305,1,2022-10-15 10:07:00,8066,YUL
3356,1,2022-10-15 11:07:00,8068,YUL
3531,1,2022-10-15 11:07:00,8068,YUL
3614,1,2022-10-15 11:07:00,8068,YUL
4032,1,2022-10-15 11:07:00,8068,YUL
4263,1,2022-10-15 11:07:00,8068,YUL
4336,1,2022-10-15 11:07:00,8068,YUL
4472,1,2022-10-15 11:07:00,8068,YUL
4609,1,2022-10-15 11:07:00,8068,YUL
8919,2,2022-10-15 15:12:00,8071,YYZ
3175,1,2022-10-16 17:16:00,8144,YUL
3114,1,2022-10-16 11:15:00,8150,YYZ
2968,1,2022-10-16 11:00:00,8163,YYZ
2969,1,2022-10-16 11:00:00,8163,YYZ
8848,2,2022-10-16 17:23:00,8169,YYZ
9100,2,2022-10-16 17:23:00,8169,YYZ
19702,6,2022-10-16 10:24:00,8179,YYZ
20463,5,2022-10-16 10:24:00,8179,YYZ
18387,13,2022-10-16 15:39:00,8181,YYZ
3366,1,2022-10-17 17:24:00,8253,YUL
4511,1,2022-10-17 16:47:00,8257,YUL
3077,1,2022-10-17 11:12:00,8273,YYZ
3420,1,2022-10-17 11:12:00,8273,YYZ
4493,1,2022-10-17 11:12:00,8273,YYZ
2926,1,2022-10-17 01:32:00,8286,YYZ
13151,2,2022-10-17 10:45:00,8291,YYZ
3504,1,2022-10-18 00:08:00,8374,YUL
4418,1,2022-10-18 00:08:00,8374,YUL
4501,1,2022-10-18 00:32:00,8374,YUL
3035,1,2022-10-18 00:02:00,8376,YUL
8670,2,2022-10-18 10:41:00,8379,YYZ
9333,2,2022-10-18 10:41:00,8379,YYZ
2834,1,2022-10-18 10:41:00,8379,YYZ
4354,1,2022-10-18 10:41:00,8379,YYZ
11909,2,2022-10-18 15:59:00,8384,YYZ
4346,1,2022-10-19 17:24:00,8496,YUL
4349,1,2022-10-19 17:24:00,8496,YUL
4489,1,2022-10-19 17:24:00,8496,YUL
3328,1,2022-10-19 11:12:00,8505,YYZ
3415,1,2022-10-19 11:12:00,8505,YYZ
3434,1,2022-10-19 11:12:00,8505,YYZ
3453,1,2022-10-19 11:12:00,8505,YYZ
9002,1,2022-10-19 10:45:00,8510,YYZ
9055,1,2022-10-19 10:45:00,8510,YYZ
3414,1,2022-10-19 10:45:00,8510,YYZ
4254,1,2022-10-19 10:45:00,8510,YYZ
3043,1,2022-10-21 10:07:00,8714,YUL
4707,1,2022-10-21 10:07:00,8714,YUL
3023,1,2022-10-21 16:38:00,8715,YYZ
4579,1,2022-10-21 16:38:00,8715,YYZ
2726,1,2022-10-21 10:59:00,8716,YUL
4266,1,2022-10-21 10:59:00,8716,YUL
4756,1,2022-10-21 10:59:00,8716,YUL
20344,2,2022-10-21 01:45:00,8718,YYZ
2998,1,2022-10-21 11:25:00,8721,YUL
4369,1,2022-10-21 11:25:00,8721,YUL
18955,8,2022-10-22 15:35:00,8802,YUL
18953,13,2022-10-22 14:04:00,8808,YYZ
4145,1,2022-10-22 00:02:00,8811,YUL
3758,1,2022-10-22 09:31:00,8813,YYZ
4471,1,2022-10-22 09:31:00,8813,YYZ
3364,1,2022-10-22 10:41:00,8814,YYZ
3500,1,2022-10-22 10:41:00,8814,YYZ
4208,1,2022-10-22 10:41:00,8814,YYZ
18952,5,2022-10-22 16:53:00,8823,YYZ
2681,1,2022-10-22 10:58:00,8825,YYZ
2825,1,2022-10-22 10:58:00,8825,YYZ
3096,1,2022-10-22 10:58:00,8825,YYZ
3382,1,2022-10-22 10:58:00,8825,YYZ
3657,1,2022-10-22 10:58:00,8825,YYZ
3927,1,2022-10-22 10:58:00,8825,YYZ
3943,1,2022-10-22 10:58:00,8825,YYZ
4064,1,2022-10-22 10:58:00,8825,YYZ
4644,1,2022-10-22 11:00:00,8825,YYZ
2608,1,2022-10-22 10:24:00,8826,YYZ
3982,1,2022-10-22 10:24:00,8826,YYZ
4687,1,2022-10-22 10:24:00,8826,YYZ
18951,26,2022-10-22 15:39:00,8828,YYZ
12935,3,2022-10-22 17:23:00,8831,YYZ
18950,11,2022-10-23 16:10:00,8898,YYZ
3427,1,2022-10-23 17:23:00,8933,YYZ
19722,3,2022-10-23 10:58:00,8937,YYZ
19621,2,2022-10-23 10:58:00,8937,YYZ
18949,22,2022-10-23 15:12:00,8943,YYZ
4813,1,2022-10-24 11:53:00,8999,YUL
18948,17,2022-10-24 14:04:00,9000,YYZ
4611,1,2022-10-24 00:08:00,9001,YUL
4677,1,2022-10-24 00:32:00,9001,YUL
4739,1,2022-10-24 00:32:00,9001,YUL
4767,1,2022-10-24 00:38:00,9001,YUL
4391,1,2022-10-24 20:59:00,9002,YYZ
4494,1,2022-10-24 20:59:00,9002,YYZ
4679,1,2022-10-24 20:59:00,9002,YYZ
4355,1,2022-10-24 00:02:00,9003,YUL
4445,1,2022-10-24 00:02:00,9003,YUL
4259,1,2022-10-24 10:45:00,9007,YYZ
4409,1,2022-10-24 10:45:00,9007,YYZ
4496,1,2022-10-24 10:45:00,9007,YYZ
4539,1,2022-10-24 11:00:00,9007,YYZ
4149,1,2022-10-24 01:45:00,9011,YYZ
4563,1,2022-10-24 01:45:00,9011,YYZ
4758,1,2022-10-24 01:45:00,9011,YYZ
3963,1,2022-10-24 10:59:00,9013,YUL
3837,1,2022-10-24 16:38:00,9014,YYZ
3940,2,2022-10-24 16:38:00,9014,YYZ
4209,2,2022-10-24 16:38:00,9014,YYZ
4279,2,2022-10-24 16:38:00,9014,YYZ
4446,2,2022-10-24 16:38:00,9014,YYZ
4630,2,2022-10-24 16:38:00,9014,YYZ
4633,2,2022-10-24 16:38:00,9014,YYZ
4760,1,2022-10-24 16:55:34.285714,9014,YYZ
4120,1,2022-10-24 10:24:00,9020,YUL
4165,1,2022-10-24 10:24:00,9020,YUL
4166,1,2022-10-24 10:24:00,9020,YUL
3826,1,2022-10-24 11:15:00,9021,YYZ
3840,1,2022-10-24 11:15:00,9021,YYZ
19126,21,2022-10-24 15:15:00,9025,YYZ
4713,1,2022-10-24 15:15:00,9025,YYZ
3787,2,2022-10-24 17:24:00,9027,YUL
3783,1,2022-10-24 16:47:00,9033,YUL
3785,1,2022-10-24 16:47:00,9033,YUL
3912,1,2022-10-24 16:47:00,9033,YUL
3915,4,2022-10-24 16:47:00,9033,YUL
4047,4,2022-10-24 16:47:00,9033,YUL
4025,1,2022-10-24 11:25:00,9035,YUL
4311,1,2022-10-24 11:25:00,9035,YUL
4467,1,2022-10-24 11:25:00,9035,YUL
4583,1,2022-10-24 11:25:00,9035,YUL
4716,1,2022-10-24 11:25:00,9035,YUL
4800,1,2022-10-24 11:25:00,9035,YUL
3782,1,2022-10-24 16:42:00,9039,YUL
3951,3,2022-10-24 16:42:00,9039,YUL
4230,6,2022-10-24 16:42:00,9039,YUL
3720,1,2022-10-24 17:23:00,9040,YYZ
3853,1,2022-10-24 17:23:00,9040,YYZ
4665,1,2022-10-24 17:23:00,9040,YYZ
19122,12,2022-10-24 16:55:00,9043,YUL
3822,2,2022-10-24 17:17:00,9043,YUL
3680,1,2022-10-24 10:58:00,9044,YYZ
4352,1,2022-10-24 10:58:00,9044,YYZ
4626,1,2022-10-24 11:00:00,9044,YYZ
4755,1,2022-10-24 11:00:00,9044,YYZ
4759,1,2022-10-24 11:00:00,9044,YYZ
19112,8,2022-10-24 16:53:00,9049,YYZ
18954,5,2022-10-24 16:53:00,9049,YYZ
4144,1,2022-10-24 16:55:34.285714,9049,YYZ
4392,1,2022-10-24 16:55:34.285714,9049,YYZ
4571,1,2022-10-24 16:55:34.285714,9049,YYZ
4708,1,2022-10-24 16:55:34.285714,9049,YYZ
20195,7,2022-10-24 10:24:00,9050,YYZ
2754,1,2022-10-24 15:39:00,9052,YYZ
4715,1,2022-10-24 15:39:00,9052,YYZ
3440,1,2022-10-25 01:32:00,9056,YYZ
3911,3,2022-10-25 01:32:00,9056,YYZ
4046,3,2022-10-25 01:32:00,9056,YYZ
3143,1,2022-10-25 16:21:00,9060,YUL
3766,1,2022-10-25 16:21:00,9060,YUL
3918,2,2022-10-25 16:21:00,9060,YUL
4360,2,2022-10-25 16:21:00,9060,YUL
4553,2,2022-10-25 16:21:00,9060,YUL
4560,2,2022-10-25 16:21:00,9060,YUL
4635,2,2022-10-25 16:21:00,9060,YUL
4676,2,2022-10-25 16:21:00,9060,YUL
3082,1,2022-10-25 10:24:00,9068,YUL
3228,1,2022-10-25 10:24:00,9068,YUL
3448,1,2022-10-25 10:24:00,9068,YUL
3020,1,2022-10-25 11:15:00,9069,YYZ
3079,1,2022-10-25 11:18:00,9069,YYZ
3081,1,2022-10-25 11:18:00,9069,YYZ
3281,2,2022-10-25 11:30:00,9069,YYZ
3324,2,2022-10-25 11:30:00,9069,YYZ
19109,21,2022-10-25 15:15:00,9074,YYZ
2963,1,2022-10-25 09:12:00,9082,YYZ
3260,1,2022-10-25 09:12:00,9082,YYZ
3537,1,2022-10-25 09:12:00,9082,YYZ
3590,1,2022-10-25 09:12:00,9082,YYZ
4006,1,2022-10-25 09:12:00,9082,YYZ
4527,2,2022-10-25 09:42:00,9082,YYZ
4717,3,2022-10-25 09:45:00,9082,YYZ
2956,1,2022-10-25 11:15:00,9085,YYZ
3363,2,2022-10-25 11:30:00,9085,YYZ
3498,3,2022-10-25 11:45:00,9085,YYZ
3638,3,2022-10-25 11:48:00,9085,YYZ
3668,3,2022-10-25 11:48:00,9085,YYZ
3716,3,2022-10-25 11:48:00,9085,YYZ
2877,1,2022-10-25 11:07:00,9086,YUL
3051,1,2022-10-25 11:07:00,9086,YUL
3120,1,2022-10-25 11:07:00,9086,YUL
3153,2,2022-10-25 11:07:00,9086,YUL
2845,1,2022-10-25 13:07:00,9088,YUL
2853,1,2022-10-25 13:07:00,9088,YUL
3058,1,2022-10-25 13:07:00,9088,YUL
3425,1,2022-10-25 13:10:00,9088,YUL
3580,1,2022-10-25 13:10:00,9088,YUL
3612,1,2022-10-25 13:10:00,9088,YUL
4106,1,2022-10-25 13:18:00,9088,YUL
4420,1,2022-10-25 13:23:00,9088,YUL
4605,1,2022-10-25 13:28:00,9088,YUL
4672,1,2022-10-25 13:28:00,9088,YUL
2730,1,2022-10-25 15:12:00,9089,YYZ
2801,2,2022-10-25 15:12:00,9089,YYZ
3012,2,2022-10-25 15:12:00,9089,YYZ
3048,12,2022-10-25 15:12:28.235294,9089,YYZ
3273,3,2022-10-25 15:27:00,9089,YYZ
18947,17,2022-10-25 14:04:00,9092,YYZ
3095,1,2022-10-25 14:04:00,9092,YYZ
3097,1,2022-10-25 14:04:00,9092,YYZ
3119,1,2022-10-25 14:04:00,9092,YYZ
3379,1,2022-10-25 14:04:00,9092,YYZ
3509,1,2022-10-25 14:04:00,9092,YYZ
3801,1,2022-10-25 14:04:00,9092,YYZ
3920,1,2022-10-25 14:04:00,9092,YYZ
3924,1,2022-10-25 14:04:00,9092,YYZ
3928,1,2022-10-25 14:04:00,9092,YYZ
4062,1,2022-10-25 14:34:00,9092,YYZ
4516,1,2022-10-25 14:34:00,9092,YYZ
4641,1,2022-10-25 14:34:00,9092,YYZ
4645,1,2022-10-25 14:34:00,9092,YYZ
2688,1,2022-10-25 00:08:00,9093,YUL
2864,1,2022-10-25 00:08:00,9093,YUL
3238,1,2022-10-25 00:32:00,9093,YUL
3648,1,2022-10-25 00:38:00,9093,YUL
3650,1,2022-10-25 01:02:00,9093,YUL
3955,1,2022-10-25 01:08:00,9093,YUL
4219,1,2022-10-25 01:32:00,9093,YUL
4385,1,2022-10-25 01:38:00,9093,YUL
4505,1,2022-10-25 01:38:00,9093,YUL
4506,1,2022-10-25 02:02:00,9093,YUL
4521,1,2022-10-25 02:08:00,9093,YUL
2663,1,2022-10-25 00:02:00,9095,YUL
2947,1,2022-10-25 00:02:00,9095,YUL
3493,1,2022-10-25 00:38:00,9095,YUL
4200,1,2022-10-25 01:08:00,9095,YUL
20298,1,2022-10-25 09:31:00,9097,YYZ
9494,4,2022-10-25 10:41:00,9098,YYZ
9497,3,2022-10-25 11:00:00,9098,YYZ
2731,2,2022-10-25 11:00:00,9098,YYZ
2848,2,2022-10-25 11:00:00,9098,YYZ
9395,2,2022-10-25 16:00:00,9103,YYZ
9444,2,2022-10-25 16:00:00,9103,YYZ
2655,1,2022-10-25 15:59:00,9103,YYZ
2849,1,2022-10-25 16:00:00,9103,YYZ
3009,1,2022-10-25 16:09:00,9103,YYZ
3209,1,2022-10-25 16:15:00,9103,YYZ
3756,1,2022-10-25 16:15:00,9103,YYZ
4475,3,2022-10-25 16:24:00,9103,YYZ
4547,4,2022-10-25 16:30:00,9103,YYZ
9213,2,2022-10-25 11:53:00,9107,YUL
9263,2,2022-10-25 11:53:00,9107,YUL
9439,2,2022-10-25 11:53:00,9107,YUL
2824,1,2022-10-25 11:55:00,9107,YUL
2869,1,2022-10-25 11:55:00,9107,YUL
3090,2,2022-10-25 11:55:00,9107,YUL
2621,1,2022-10-25 09:15:00,9111,YYZ
2664,1,2022-10-25 09:15:00,9111,YYZ
2949,1,2022-10-25 09:15:00,9111,YYZ
3224,1,2022-10-25 09:15:00,9111,YYZ
4202,1,2022-10-25 09:15:00,9111,YYZ
4347,1,2022-10-25 09:15:00,9111,YYZ
4621,2,2022-10-25 09:42:00,9111,YYZ
4623,3,2022-10-25 09:45:00,9111,YYZ
2556,1,2022-10-25 15:35:00,9118,YYC
9188,1,2022-10-25 10:45:00,9123,YYZ
9401,2,2022-10-25 11:00:00,9123,YYZ
9468,2,2022-10-25 11:00:00,9123,YYZ
2564,1,2022-10-25 11:00:00,9123,YYZ
2629,1,2022-10-25 11:00:00,9123,YYZ
2759,1,2022-10-25 11:00:00,9123,YYZ
3001,1,2022-10-25 11:15:00,9123,YYZ
3109,1,2022-10-25 11:18:00,9123,YYZ
3141,1,2022-10-25 11:18:00,9123,YYZ
3187,1,2022-10-25 11:18:00,9123,YYZ
3188,1,2022-10-25 11:18:00,9123,YYZ
3200,1,2022-10-25 11:20:00,9123,YYZ
3457,2,2022-10-25 11:43:00,9123,YYZ
3458,3,2022-10-25 11:45:00,9123,YYZ
3472,3,2022-10-25 11:45:00,9123,YYZ
3717,7,2022-10-25 11:55:00,9123,YYZ
3749,16,2022-10-25 11:58:00,9123,YYZ
9144,2,2022-10-25 11:25:00,9127,YUL
9183,2,2022-10-25 11:25:00,9127,YUL
9126,2,2022-10-25 16:10:00,9131,YYC
9111,1,2022-10-25 01:45:00,9133,YYZ
9113,1,2022-10-25 01:45:00,9133,YYZ
9461,1,2022-10-25 01:45:00,9133,YYZ
9463,1,2022-10-25 01:45:00,9133,YYZ
2883,1,2022-10-25 01:45:00,9133,YYZ
3259,1,2022-10-25 01:45:00,9133,YYZ
3319,1,2022-10-25 01:45:00,9133,YYZ
3548,1,2022-10-25 02:15:00,9133,YYZ
3569,1,2022-10-25 02:15:00,9133,YYZ
3711,1,2022-10-25 02:15:00,9133,YYZ
3713,2,2022-10-25 02:45:00,9133,YYZ
3862,2,2022-10-25 02:45:00,9133,YYZ
3863,2,2022-10-25 02:45:00,9133,YYZ
3995,3,2022-10-25 03:00:00,9133,YYZ
4078,3,2022-10-25 03:00:00,9133,YYZ
9080,1,2022-10-25 10:59:00,9135,YUL
2807,1,2022-10-25 10:59:00,9135,YUL
2851,1,2022-10-25 10:59:00,9135,YUL
3019,1,2022-10-25 11:00:00,9135,YUL
3050,1,2022-10-25 11:00:00,9135,YUL
3230,2,2022-10-25 11:00:00,9135,YUL
3402,1,2022-10-25 11:29:00,9135,YUL
3499,2,2022-10-25 11:30:00,9135,YUL
3698,2,2022-10-25 11:37:00,9135,YUL
18946,19,2022-10-25 16:55:34.285714,9136,YYZ
9349,1,2022-10-25 16:38:00,9136,YYZ
2610,1,2022-10-25 16:38:00,9136,YYZ
2611,1,2022-10-25 16:38:00,9136,YYZ
2874,1,2022-10-25 16:38:00,9136,YYZ
2879,1,2022-10-25 16:38:00,9136,YYZ
3147,1,2022-10-25 16:38:00,9136,YYZ
3305,1,2022-10-25 16:38:00,9136,YYZ
3417,1,2022-10-25 16:38:00,9136,YYZ
3517,1,2022-10-25 16:38:00,9136,YYZ
3675,1,2022-10-25 16:38:00,9136,YYZ
3705,1,2022-10-25 16:38:00,9136,YYZ
3852,1,2022-10-25 16:45:00,9136,YYZ
4081,1,2022-10-25 16:45:00,9136,YYZ
4130,1,2022-10-25 16:55:34.285714,9136,YYZ
4292,2,2022-10-25 17:08:00,9136,YYZ
4294,2,2022-10-25 17:08:00,9136,YYZ
4693,2,2022-10-25 17:08:00,9136,YYZ
4805,2,2022-10-25 17:08:00,9136,YYZ
8990,3,2022-10-25 17:16:00,9138,YUL
8928,1,2022-10-25 16:53:00,9140,YYC
8936,1,2022-10-25 16:53:00,9140,YYC
8868,2,2022-10-25 18:03:00,9143,YYZ
9106,2,2022-10-25 18:03:00,9143,YYZ
9132,2,2022-10-25 18:03:00,9143,YYZ
9232,2,2022-10-25 18:03:00,9143,YYZ
9245,2,2022-10-25 18:03:00,9143,YYZ
9420,2,2022-10-25 18:03:00,9143,YYZ
9446,2,2022-10-25 18:03:00,9143,YYZ
9465,2,2022-10-25 18:03:00,9143,YYZ
2927,1,2022-10-25 18:03:00,9143,YYZ
2928,1,2022-10-25 18:03:00,9143,YYZ
3008,1,2022-10-25 18:03:00,9143,YYZ
3180,1,2022-10-25 18:03:00,9143,YYZ
3404,1,2022-10-25 18:08:00,9143,YYZ
3405,1,2022-10-25 18:08:00,9143,YYZ
3478,2,2022-10-25 18:33:00,9143,YYZ
3479,2,2022-10-25 18:33:00,9143,YYZ
3715,2,2022-10-25 18:33:00,9143,YYZ
3757,2,2022-10-25 18:33:00,9143,YYZ
3759,2,2022-10-25 18:33:00,9143,YYZ
3892,2,2022-10-25 18:33:00,9143,YYZ
4031,2,2022-10-25 18:33:00,9143,YYZ
4190,2,2022-10-25 18:33:00,9143,YYZ
4337,2,2022-10-25 18:33:00,9143,YYZ
4610,2,2022-10-25 18:33:00,9143,YYZ
9214,2,2022-10-25 12:10:00,9146,YUL
9352,2,2022-10-25 12:10:00,9146,YUL
9460,2,2022-10-25 12:23:00,9146,YUL
2749,3,2022-10-25 12:23:00,9146,YUL
8789,2,2022-10-25 16:42:00,9149,YUL
8819,2,2022-10-25 16:42:00,9149,YUL
8876,5,2022-10-25 16:42:00,9149,YUL
8955,5,2022-10-25 16:42:00,9149,YUL
12064,2,2022-10-25 17:23:00,9150,YYZ
8802,2,2022-10-25 17:23:00,9150,YYZ
8855,4,2022-10-25 17:23:00,9150,YYZ
2860,2,2022-10-25 17:23:00,9150,YYZ
3506,2,2022-10-25 17:23:00,9150,YYZ
3643,2,2022-10-25 17:23:00,9150,YYZ
4050,5,2022-10-25 17:56:50.075188,9150,YYZ
4306,5,2022-10-25 17:56:50.075188,9150,YYZ
19106,12,2022-10-25 16:55:00,9152,YUL
11992,2,2022-10-25 10:58:00,9153,YYZ
8880,1,2022-10-25 10:58:00,9153,YYZ
9076,1,2022-10-25 10:58:00,9153,YYZ
3049,1,2022-10-25 11:15:00,9153,YYZ
3068,1,2022-10-25 11:18:00,9153,YYZ
3204,1,2022-10-25 11:20:00,9153,YYZ
3214,1,2022-10-25 11:20:00,9153,YYZ
3619,1,2022-10-25 11:30:00,9153,YYZ
4256,3,2022-10-25 11:50:00,9153,YYZ
9218,2,2022-10-25 12:33:00,9155,YUL
9237,2,2022-10-25 12:33:00,9155,YUL
9327,2,2022-10-25 12:33:00,9155,YUL
9392,2,2022-10-25 12:40:00,9155,YUL
9422,2,2022-10-25 12:40:00,9155,YUL
2959,1,2022-10-25 12:53:00,9155,YUL
3018,2,2022-10-25 13:03:00,9155,YUL
3367,2,2022-10-25 13:03:00,9155,YUL
3637,3,2022-10-25 13:18:00,9155,YUL
11975,2,2022-10-25 15:39:00,9158,YYZ
8894,2,2022-10-25 15:39:00,9158,YYZ
2708,1,2022-10-25 15:39:00,9158,YYZ
2717,2,2022-10-25 16:00:00,9158,YYZ
2762,2,2022-10-25 16:09:00,9158,YYZ
19360,7,2022-10-25 10:24:00,9160,YYZ
11939,5,2022-10-26 15:40:00,9161,YYZ
12954,6,2022-10-26 10:24:00,9163,YYZ
8785,1,2022-10-26 10:24:00,9163,YYZ
2747,2,2022-10-26 10:25:00,9163,YYZ
1891,8,2022-10-26 17:14:00,9166,YUL
8774,3,2022-10-26 10:02:00,9167,YUL
17998,13,2022-10-26 16:00:00,9171,YYZ
12912,4,2022-10-26 10:41:00,9176,YYZ
8765,5,2022-10-26 11:00:00,9176,YYZ
13076,2,2022-10-26 09:31:00,9177,YYZ
8767,2,2022-10-26 09:52:00,9177,YYZ
8809,2,2022-10-26 09:52:00,9177,YYZ
8920,2,2022-10-26 09:52:00,9177,YYZ
9086,2,2022-10-26 09:55:00,9177,YYZ
2813,1,2022-10-26 09:55:00,9177,YYZ
11894,2,2022-10-26 18:03:00,9179,YYZ
3100,1,2022-10-26 18:03:00,9179,YYZ
3511,1,2022-10-26 18:03:00,9179,YYZ
3800,1,2022-10-26 18:03:00,9179,YYZ
3816,1,2022-10-26 18:03:00,9179,YYZ
4065,1,2022-10-26 18:03:00,9179,YYZ
4643,1,2022-10-26 18:03:00,9179,YYZ
4669,1,2022-10-26 18:03:00,9179,YYZ
4776,1,2022-10-26 18:03:00,9179,YYZ
1887,4,2022-10-26 12:33:00,9180,YUL
20694,2,2022-10-26 16:53:00,9184,YYC
8707,2,2022-10-26 12:57:00,9187,YUL
2823,1,2022-10-26 12:59:40,9187,YUL
2977,5,2022-10-26 12:59:40,9187,YUL
17952,8,2022-10-26 11:00:00,9189,YYZ
19403,12,2022-10-26 11:55:38.181818,9189,YYZ
8799,6,2022-10-26 11:53:34.285714,9189,YYZ
2513,7,2022-10-26 12:00:00,9189,YYZ
19757,4,2022-10-26 17:23:00,9192,YYZ
20245,9,2022-10-26 17:56:50.075188,9192,YYZ
17950,15,2022-10-26 16:42:00,9193,YUL
20445,1,2022-10-26 00:02:00,9195,YUL
12816,6,2022-10-26 17:14:00,9200,YUL
17904,7,2022-10-26 10:45:00,9204,YYZ
17903,3,2022-10-26 00:08:00,9210,YUL
2581,2,2022-10-26 02:48:00,9210,YUL
18945,17,2022-10-26 14:04:00,9211,YYZ
17979,5,2022-10-26 14:04:00,9211,YYZ
12799,2,2022-10-26 14:04:00,9211,YYZ
11911,1,2022-10-26 14:04:00,9211,YYZ
8792,1,2022-10-26 14:04:00,9211,YYZ
2569,3,2022-10-26 15:04:00,9211,YYZ
16011,6,2022-10-26 11:53:00,9212,YUL
2501,1,2022-10-26 15:35:00,9217,YYC
19104,21,2022-10-26 15:15:00,9228,YYZ
8687,1,2022-10-26 15:58:00,9228,YYZ
19838,1,2022-10-26 11:53:34.285714,9233,YYZ
11746,3,2022-10-26 10:24:00,9235,YUL
13350,3,2022-10-26 09:15:00,9236,YYZ
19952,10,2022-10-26 17:16:00,9239,YUL
18944,19,2022-10-26 16:55:34.285714,9241,YYZ
17990,8,2022-10-26 16:38:00,9241,YYZ
15235,3,2022-10-26 16:38:00,9241,YYZ
11855,2,2022-10-26 16:38:00,9241,YYZ
2804,1,2022-10-26 16:55:34.285714,9241,YYZ
19968,3,2022-10-26 10:59:00,9242,YUL
20026,2,2022-10-26 11:00:00,9242,YUL
20040,9,2022-10-26 12:37:00,9242,YUL
20279,1,2022-10-26 11:00:00,9242,YUL
20412,5,2022-10-26 11:00:00,9242,YUL
8626,1,2022-10-26 01:45:00,9244,YYZ
8624,2,2022-10-26 16:10:00,9246,YYC
20408,15,2022-10-26 16:21:00,9250,YUL
18388,6,2022-10-26 01:32:00,9254,YYZ
9477,1,2022-10-26 01:32:00,9254,YYZ
20385,17,2022-10-26 15:12:28.235294,9262,YYZ
8737,2,2022-10-26 13:07:00,9263,YUL
8822,2,2022-10-26 13:07:00,9263,YUL
8925,2,2022-10-26 13:07:00,9263,YUL
9302,2,2022-10-26 13:07:00,9263,YUL
9322,2,2022-10-26 13:27:00,9263,YUL
9421,3,2022-10-26 13:37:00,9263,YUL
9450,3,2022-10-26 13:37:00,9263,YUL
2511,1,2022-10-26 13:07:00,9263,YUL
2670,2,2022-10-26 13:37:00,9263,YUL
16033,6,2022-10-26 11:07:00,9265,YUL
2504,5,2022-10-26 11:47:00,9265,YUL
17940,11,2022-10-26 11:12:00,9266,YYZ
13194,3,2022-10-26 09:12:00,9269,YYZ
13260,3,2022-10-26 09:12:00,9269,YYZ
2529,1,2022-10-26 09:12:00,9269,YYZ
2699,2,2022-10-26 09:12:00,9269,YYZ
